Model,Corr,Rseq,RMSE,Accuracy,Topsis Score,Rank
M1,0.79,0.62,1.25,60.89,0.17335391391956986,4
M2,0.66,0.44,2.89,63.07,0.8614784014511305,1
M3,0.56,0.31,1.57,62.87,0.2194143061693473,3
M4,0.82,0.67,2.68,70.19,0.8319822496833766,2
M5,0.75,0.56,1.3,80.39,0.15095041330320222,5
